Average CPU usage-
Max CPU usage- 0
Number of sec 100% CPU = 0
Average CPU usage-
Max CPU usage- 0
Number of sec 100% CPU = 0
Average CPU usage-
Max CPU usage- 0
Number of sec 100% CPU = 0
Average CPU usage-
Max CPU usage- 0
Number of sec 100% CPU = 0
Average CPU usage-
Max CPU usage- 0
Number of sec 100% CPU = 0
Average CPU usage-
Max CPU usage- 0
Number of sec 100% CPU = 0
LTE03ERBS00006,6771,15272074,451
LTE03ERBS00005,6692,12232372,557
LTE03ERBS00004,8054,18949417,447
LTE03ERBS00003,8056,16535890,503
LTE03ERBS00002,10061,21984664,479
LTE03ERBS00001,13285,26853999,510
Average CPU usage- 95.4895
Max CPU usage- 100
Number of sec 100% CPU = 41
LTE03ERBS00005,6692,11824834,608
LTE03ERBS00006,6771,15642813,451
LTE03ERBS00003,8056,16009712,503
LTE03ERBS00004,8054,18482778,447
LTE03ERBS00002,10061,22441736,457
LTE03ERBS00001,13285,26164746,510
Average CPU usage- 95.7547
Max CPU usage- 100
Number of sec 100% CPU = 41
