RNC16RBS01,2239,1465400,2239
RNC16RBS02,2239,1491057,2239
RNC16RBS03,2307,1447133,2307
RNC16RBS04,2307,1582257,2307
Average CPU usage- 88.706
Max CPU usage- 98.25
Number of sec 100% CPU = 0
RNC16RBS02,2239,1491057,
RNC16RBS03,2307,1447133,
RNC16RBS01,2239,1465400,
RNC16RBS04,2307,1582257,
Average CPU usage- 88.706
Max CPU usage- 98.25
Number of sec 100% CPU = 0
Average CPU usage- 88.706
Max CPU usage- 98.25
Number of sec 100% CPU = 0
Average CPU usage- 88.706
Max CPU usage- 98.25
Number of sec 100% CPU = 0
Average CPU usage- 88.706
Max CPU usage- 98.25
Number of sec 100% CPU = 0
Average CPU usage- 88.706
Max CPU usage- 98.25
Number of sec 100% CPU = 0
RNC16RBS01,2239,1465400,1527.91
RNC16RBS02,2239,1491057,1501.62
RNC16RBS03,2307,1447133,1594.19
RNC16RBS04,2307,1582257,1458.04
Average CPU usage- 88.706
Max CPU usage- 98.25
Number of sec 100% CPU = 0
